title,big_headlines,link,allinone,featured_sections_headline,desc
,Trump under fire over KKK stand but will attacks stick?,,,,
,Soldier with Captain America eye hunts pedophiles,,,,
,Dam at 'risk of catastrophic failure',,,,
,Elite U.S forces target ISIS leaders,,,,
,Migrants break through border fence,,,,
,'Female Viagra' gets mixed reviews,,,,
,Murder hunt as men killed 'execution-style' ,,,,
,Guard admits role in NY prison break,,,,
,SEAL saved hostage in rescue firefight ,,,,
,SEAL1 saved hostage in rescue firefight ,,,,
,SEAL2 saved hostage in rescue firefight ,,,,
,123123,,,,
,this is new top headline,,,,
